1,"HINS Metal Bucket Shape Plant Pot for Indoor & Outdoor Gardening (Red, Medium) Plant Stands for Indoor Balcony I Plant Bench I Plant Stands I Pot Stand Single I Potted Plant Stand I Big Pots I Metal",up,,2025-07-01T11:04:31.324120
1,"HINS Metal Bucket Shape Plant Pot for Indoor & Outdoor Gardening (Red, Medium) Plant Stands for Indoor Balcony I Plant Bench I Plant Stands I Pot Stand Single I Potted Plant Stand I Big Pots I Metal",up,,2025-07-01T11:04:31.835468
0,"ALISHAH Women's Cotton Ankle Length Leggings Combo of 2, Plus 12 Colors_L",up,,2025-07-01T11:09:51.869624
23,"TYPE-C Earphone for Honor 9X Pro (China) in Ear Type C Wired Earphones with Mic, Braided 1.2 Metre Cable, Metallic Design, 10mm Drivers, in Line Mic & Volume Controller | in-Ear Wired Earphone with Type-C Jack, Powerful Audio, Built-in Microphone, Tangle Resistant Cable- Black/White, NB 2",up,earphones,2025-07-01T11:11:14.320756
1,"HINS Metal Bucket Shape Plant Pot for Indoor & Outdoor Gardening (Red, Medium) Plant Stands for Indoor Balcony I Plant Bench I Plant Stands I Pot Stand Single I Potted Plant Stand I Big Pots I Metal",up,,2025-07-01T11:11:27.134013
10,"homyfort Under Bed Storage Bags,Foldable Storage Bins Drawers for Blanket,Clothes,Comforter,Tidy Up Your Closet,Shelves,with Clear Window,Dual Zippers,4 Strong Handles Set of 2 White Grey",down,,2025-07-01T11:11:38.856199
1,"HINS Metal Bucket Shape Plant Pot for Indoor & Outdoor Gardening (Red, Medium) Plant Stands for Indoor Balcony I Plant Bench I Plant Stands I Pot Stand Single I Potted Plant Stand I Big Pots I Metal",down,,2025-07-01T11:11:46.501627
1,"HINS Metal Bucket Shape Plant Pot for Indoor & Outdoor Gardening (Red, Medium) Plant Stands for Indoor Balcony I Plant Bench I Plant Stands I Pot Stand Single I Potted Plant Stand I Big Pots I Metal",up,,2025-07-01T11:14:30.894118
0,"ALISHAH Women's Cotton Ankle Length Leggings Combo of 2, Plus 12 Colors_L",down,,2025-07-01T11:14:44.879221
0,"ALISHAH Women's Cotton Ankle Length Leggings Combo of 2, Plus 12 Colors_L",down,,2025-07-01T11:14:52.701611
2,"Delavala Self Adhesive Kitchen Backsplash Wallpaper, Oil Proof Aluminum Foil Kitchen Sticker (Sliver 5(Mtr))",down,,2025-07-01T11:14:58.956721
18,"Ozette Dr Flex Super Sensitive Soft Toothbrush With Container (Pack of 4), soft toothbrush, super soft toothbrush, sensitive tooth brush with Container cover cap holder super sensitive super soft",up,toothbrush,2025-07-01T11:16:38.338496
362,SUTEBUY Soap and Lotion Dispenser Pumps with 330 ml Glass Bottle - Gold+Pink,down,toothbrush,2025-07-01T11:17:10.348883
362,SUTEBUY Soap and Lotion Dispenser Pumps with 330 ml Glass Bottle - Gold+Pink,down,toothbrush,2025-07-01T11:17:27.125730
362,SUTEBUY Soap and Lotion Dispenser Pumps with 330 ml Glass Bottle - Gold+Pink,down,toothbrush,2025-07-01T11:17:39.679378
733,"Mobyro Semi Transparent Mirror Flip Elegant Bumper Flip Case, [360 ,  Full Body Protective] Slim Anti-Fall Foldable Stand Protective Case Cover Realme C15 [Black]",up,,2025-07-01T11:20:50.094261
